"funcionario.nome","produto.nome"
"Ricardo Gomes","Plotagem Capô de Carro"
"Ricardo Gomes","Fachada de ACM"
"Ricardo Gomes","Plotagem Banner"
"Ricardo Gomes","Plotagem de Lona"
"Ricardo Gomes","Adesivo Vinil"
"Ricardo Gomes","Adesivo Impressão Digital"
"Ricardo Gomes","Fachada Luminosa"
"Ricardo Gomes","Fachada de Policarbonato"
"Ricardo Gomes","Plotagem de Carro"
"Larissa Rocha","Fachada de ACM"
"Larissa Rocha","Adesivo Impressão Digital"
"Larissa Rocha","Fachada Luminosa"
"Larissa Rocha","Fachada de Policarbonato"
"Larissa Rocha","Plotagem de Lona"
"Larissa Rocha","Plotagem Capô de Carro"
"Larissa Rocha","Plotagem de Carro"
"Larissa Rocha","Adesivo Vinil"
"Larissa Rocha","Plotagem Banner"
"Felipe Almeida","Plotagem de Lona"
"Felipe Almeida","Plotagem de Carro"
"Felipe Almeida","Adesivo Impressão Digital"
"Felipe Almeida","Fachada de ACM"
"Felipe Almeida","Adesivo Vinil"
"Felipe Almeida","Fachada de Policarbonato"
"Felipe Almeida","Plotagem Banner"
"Felipe Almeida","Fachada Luminosa"
"Tatiane Costa","Adesivo Vinil"
"Tatiane Costa","Fachada de ACM"
"Tatiane Costa","Plotagem de Carro"
"Tatiane Costa","Fachada de Policarbonato"
"Tatiane Costa","Plotagem Banner"
"Tatiane Costa","Plotagem Capô de Carro"
"Tatiane Costa","Fachada Luminosa"
"Tatiane Costa","Plotagem de Lona"
"Tatiane Costa","Adesivo Impressão Digital"